id,title,author,tags,lyrics,theme,updated_at,updated_by,version,歌詞連結
hosanna,和散那 Hosanna,新歌頌揚,讚美,,dawn,,,0,http://www.christianstudy.com/data/hymns/text/new_songs_ringing_325.html
majesty,敬拜主 Majesty,新歌頌揚,讚美,,dawn,,,0,http://www.christianstudy.com/data/hymns/text/new_songs_ringing_179.html
he-is-lord,祂是主 He is Lord,,讚美,,dawn,,,0,
no-other-name,別無他名 No Other Name,和撒那新歌,讚美,,dawn,,,0,
mighty-to-save,大能拯救 Mighty to Save,Hillsong,讚美,,dawn,,,0,
joyful-joyful-we-adore-thee,"快樂崇拜 Joyful, Joyful, We Adore Thee",生命聖詩 22,讚美,,dawn,,,0,
come-let-us-sing,來高聲唱 Come Let Us Sing,以琳,讚美,,dawn,,,0,http://www.christianstudy.com/data/hymns/text/c0412.html
how-great-thou-art,祢真偉大 How Great Thou Art!,生命聖詩 12,讚美,,dawn,,,0,http://www.christianstudy.com/data/hymns/text/life012.html
all-for-you,全然向祢 All for You,讚美之泉,讚美,,dawn,,,0,http://www.christianstudy.com/data/hymns/text/c0033.html
holy-holy-holy,"聖哉三一 Holy, Holy, Holy",生命聖詩 5,讚美,,dawn,,,0,http://www.christianstudy.com/data/hymns/text/life005.html
light-of-the-world,世界之光 Light of the World,讚美之泉,讚美,,dawn,,,0,
king-of-kings,萬王之王 King of Kings,Hillsong,讚美,,dawn,,,0,
our-god,我們的神 Our God,Chris Tomlin,讚美,,dawn,,,0,
fountain-of-joy,喜樂泉源 Fountain of Joy,讚美之泉,讚美,,dawn,,,0,
shout-to-the-lord,向主歡呼 Shout to The Lord,Hillsong,讚美,,dawn,,,0,http://www.christianstudy.com/data/hymns/text/hosanna_hymns054.html
be-exalted-o-god,"願祢崇高 Be Exalted, O God",天韻,讚美,,dawn,,,0,
praise-him-praise-him,讚美救主 Praise Him! Praise Him!,生命聖詩 80,讚美,,dawn,,,0,
all-creatures-of-our-god-and-king,讚美真神 All Creatures of Our God and King,生命聖詩 20,讚美,,dawn,,,0,
our-sovereign-god,掌權的神 Our Sovereign God,新心,讚美,,dawn,,,0,http://christianstudy.com/data/hymns/text/c4888.html
the-love-fo-god,真神之愛 The Love fo God,生命聖詩 41,讚美,,dawn,,,0,
all-heaven-declares,諸天宣揚 All Heaven Declares,萬國敬拜與讚美,讚美,,dawn,,,0,
jesus-shall-reign-where-er-the-sun,主治萬方 Jesus Shall Reign Where'er the Sun,生命聖詩 16,讚美,,dawn,,,0,
revelation-song,啟示錄之歌 Revelation Song,約書亞,讚美,,dawn,,,0,
10000-reasons,千萬個理由 10000 Reasons,Matt Redman,讚美,,dawn,,,0,
holy-is-he,全然聖潔主 Holy is He,David T. Clydesdale,讚美,,dawn,,,0,https://www.youtube.com/watch?v=9WPUugYZId8
let-praise-arise,讓讚美飛揚 Let Praise Arise,讚美之泉,讚美,,dawn,,,0,
is-he-worthy,祂是否配得？Is He Worthy?,Chirs Tomlin,讚美,,dawn,,,0,
how-great-is-our-god,我神真偉大 How Great Is Our God,Chirs Tomlin,讚美,,dawn,,,0,
blessed-assurance-jesus-is-mine,有福的確據 Blessed Assurance Jesus Is Mine,生命聖詩 414,讚美,,dawn,,,0,http://www.christianstudy.com/data/hymns/text/life414.html
praise-to-the-lord-the-almighty,"讚美全能神 Praise to the Lord, the Almighty",生命聖詩 26,讚美,,dawn,,,0,
from-everlasting-to-everlasting,從亙古到永遠 From Everlasting To Everlasting,生命河靈糧堂,讚美,,dawn,,,0,
you-are-the-king-of-glory,祢是榮耀君王 You Are the King of Glory,萬國敬拜與讚美,讚美,,dawn,,,0,
to-god-be-the-glory,榮耀歸於真神 To God Be the Glory,生命聖詩 8,讚美,,dawn,,,0,http://www.christianstudy.com/data/hymns/text/life008.html
glorious-is-thy-name,榮耀是主聖名 Glorious Is Thy Name,生命聖詩 59,讚美,,dawn,,,0,http://www.christianstudy.com/data/hymns/text/life059.html
praise-in-the-desert,沙漠中的讚美 Praise in the Desert,讚美之泉,讚美,,dawn,,,0,
come-and-worship-the-king,萬民同來敬拜 Come And Worship the King,小羊,讚美,,dawn,,,0,
praise-the-lord,一切歌頌讚美 Praise the Lord,讚美之泉,讚美,,dawn,,,0,
jesus-christ-is-the-lord,耶穌基督是主 Jesus Christ is the Lord,小羊詩歌,讚美,,dawn,,,0,http://christianstudy.com/data/hymns/text/c1581.html
crown-him-with-many-crowns,擁戴我主為王 Crown Him with Many Crowns,生命聖詩 9,讚美,,dawn,,,0,http://www.christianstudy.com/data/hymns/text/life009.html
almighty-living-god,永活全能的神 Almighty living God,讚美之泉,讚美,,dawn,,,0,http://www.christianstudy.com/data/hymns/text/c0316.html
be-exalted-o-god-50ea,"願祢崇高,哦主 Be Exalted O God",傳耶穌,讚美,,dawn,,,0,
praise-forever-more,讚美直到永遠 Praise Forever More,恩惠事奉團契,讚美,,dawn,,,0,
this-is-my-father-s-world,這是天父世界 This Is My Father's World,生命聖詩 512,讚美,,dawn,,,0,
what-a-wonderful-savior,何等奇妙的救主 What A Wonderful Savior,生命聖詩 64,讚美,,dawn,,,0,
o-god-i-want-to-praise-you,"神哪我要讚美祢 O God, I Want To Praise You",天韻＋新心,讚美,,dawn,,,0,
lord-i-lift-your-name-on-high,"主,我高舉祢的名 Lord, I Lift Your Name On High",,讚美,,dawn,,,0,
praise-the-lord-all-ye-people,你們要讚美耶和華 Praise the Lord All Ye People,讚美之泉,讚美,,dawn,,,0,https://www.youtube.com/watch?v=ciPewG4G6yk
let-s-praise-the-lord,我們來讚美耶和華 Let's Praise the Lord,新心音樂,讚美,,dawn,,,0,
the-joy-of-the-lord-is-my-strength,主的喜樂是我力量 The Joy of the Lord Is My Strength,讚美之泉,讚美,,dawn,,,0,
this-is-the-day,這是耶和華所定日子 This is the Day,讚美之泉,讚美,,dawn,,,0,
my-god-my-father-my-rock,"我的神,我的父,我的磐石 My God, My Father, My Rock",新心音樂,讚美,,dawn,,,0,http://christianstudy.com/data/hymns/text/c0154.html
cornerstone,房角石 Cornerstone,,敬拜,,midnight,,,0,
bless-the-lord-o-my-soul,"稱頌上主 Bless the Lord, O My Soul",生命聖詩 13,敬拜,,midnight,,,0,
you-are-my-god,祢是我神 You Are My God,新心音樂,敬拜,,midnight,,,0,http://christianstudy.com/data/hymns/text/c1270.html
and-can-it-be-that-i-should-gain,奇異的愛 And Can it Be That I Should Gain,生命聖詩 178,敬拜,,midnight,,,0,
amazing-grace,奇異恩典 Amazing Grace,生命聖詩 185,敬拜,,midnight,,,0,http://www.christianstudy.com/data/hymns/text/life185.html
our-glorious-lord,榮耀的主 Our Glorious Lord,新心音樂,敬拜,,midnight,,,0,
god-s-way,神的道路 God's Way,天韻詩歌,敬拜,,midnight,,,0,
it-s-all-for-love-jesus-in-a-manger,是為了愛 [耶穌降生在馬槽] It’s All For Love [Jesus In A Manger],讚美之泉,敬拜,,midnight,,,0,聖誕詩歌
come-thou-fount,"萬福源頭 Come, Thou Fount",生命聖詩 76,敬拜,,midnight,,,0,
jesus-you-can,"唯有耶穌 Jesus, You Can",讚美之泉,敬拜,,midnight,,,0,
in-christ-alone,唯主基督 In Christ Alone,Getty Music,敬拜,,midnight,,,0,
priceless,無價至寶 Priceless,約書亞,敬拜,,midnight,,,0,
praise-of-my-heart,我心頌讚 Praise of My Heart,新心音樂,敬拜,,midnight,,,0,
jesus-jesus,"耶穌耶穌 Jesus, Jesus",讚美之泉,敬拜,,midnight,,,0,http://www.christianstudy.com/data/hymns/text/c1951.html
our-eternal-lord,永恒的主 Our Eternal Lord,新心音樂,敬拜,,midnight,,,0,
living-hope,永活盼望 Living Hope,Phil Wickham,敬拜,,midnight,,,0,https://www.youtube.com/watch?v=u-1fwZtKJSM&list=RDizOAxx2bRIc&index=2
there-is-a-god,有一位神 There Is A God,讚美之泉,敬拜,,midnight,,,0,
stream-of-praise,讚美之泉 Stream of Praise,讚美之泉,敬拜,,midnight,,,0,
beautiful-moment,美好的時刻 Beautiful Moment,新心音樂,敬拜,,midnight,,,0,
fairest-lord-jesus,美哉主耶穌 Fairest Lord Jesus,生命聖詩 65,敬拜,,midnight,,,0,
you-sit-on-the-throne,祢坐著爲王 You Sit On the Throne,靈糧堂,敬拜,,midnight,,,0,
worthy-is-the-lamb,神羔羊配得 Worthy is the Lamb,Hillsong,敬拜,,midnight,,,0,http://www.christianstudy.com/data/hymns/text/c2372.html
yesterday-today-forever,"耶穌不改變 Yesterday, Today, Forever",生命聖詩 279,敬拜,,midnight,,,0,http://www.christianstudy.com/data/hymns/text/life279.html
beautiful-saviour,榮美的救主 Beautiful Saviour,約書亞,敬拜,,midnight,,,0,
jesus-i-love-you,"耶穌，我愛袮 Jesus, I Love You",傳耶穌,敬拜,,midnight,,,0,
be-still-for-the-presence-of-the-lord,在主前靜默 Be Still for The Presence of The Lord,恩頌聖歌 David Evans,敬拜,,midnight,,,0,http://www.christianstudy.com/data/hymns/text/sounds_of_grace443.html
lord-i-worship-you,"主我敬拜祢 Lord, I Worship You",讚美之泉,敬拜,,midnight,,,0,
worship-the-king-of-all-ages,敬拜萬世之王 Worship The King of All Ages,我心旋律,敬拜,,midnight,,,0,
revere-your-glory,敬畏祢的榮耀 Revere Your Glory,新心音樂,敬拜,,midnight,,,0,
your-beautiful-name,祢的名何其美 Your Beautiful Name,新心音樂,敬拜,,midnight,,,0,
great-is-thy-faithfulness,祢的信實廣大 Great Is Thy Faithfulness,生命聖詩 18,敬拜,,midnight,,,0,
you-are-my-all-in-all,祢是我的一切 You Are My All in All,,敬拜,,midnight,,,0,
when-i-look-into-your-holiness,每當我瞻仰祢 When I Look into Your Holiness,傳耶穌,敬拜,,midnight,,,0,http://www.christianstudy.com/data/hymns/text/new_songs_ringing_307.html
jesus-you-have-overcome,耶穌袮已得勝 Jesus You Have Overcome,天韻詩歌,敬拜,,midnight,,,0,https://www.youtube.com/watch?v=cwURDf2TJj4
here-i-am-to-worship,我在這裡敬拜 Here I Am to Worship,Tim Hughes,敬拜,,midnight,,,0,
for-your-name-is-holy,因為祢是聖潔 For Your Name is Holy,Paul Wilbur,敬拜,,midnight,,,0,http://www.christianstudy.com/data/hymns/text/c4277.html
rain-of-blessings,主賜福如春雨 Rain of Blessings,讚美之泉,敬拜,,midnight,,,0,
my-lord-is-the-bright-mroning-star,主如明亮晨星 My Lord is the Bright Mroning Star,,敬拜,,midnight,,,0,http://www.christianstudy.com/data/hymns/text/c0791.html
at-the-cross-love-ran-red,在十架（愛湧流） At The Cross (Love Ran Red),Chris Tomlin,敬拜,,midnight,,,0,https://www.youtube.com/watch?v=SUvpBphq5og
i-live-to-worship-you,活著為要敬拜祢 I Live to Worship You,讚美之泉,敬拜,,midnight,,,0,
the-church-s-one-foundation,教會獨一的根基 The Church's One Foundation,生命聖詩 215,敬拜,,midnight,,,0,
the-lifter-of-my-head,叫我抬起頭的神 The Lifter of My Head,讚美之泉,敬拜,,midnight,,,0,
how-precious-o-lord,"祢慈愛何等寶貴 How Precious, O Lord",Phil Rogers,敬拜,,midnight,,,0,http://christianstudy.com/data/hymns/text/new_songs_ringing_388.html
open-the-eyes-of-my-heart,求祢開啟我心眼 Open the Eyes of my Heart,,敬拜,,midnight,,,0,https://www.youtube.com/watch?v=Z_Tk0pEL7Vk
my-lord-i-worship-you,"我的神我敬拜祢 My Lord, I Worship You",我心旋律,敬拜,,midnight,,,0,
lord-i-praise-with-all-of-my-heart,"我要一心稱謝祢 Lord, I Praise with All of My Heart",讚美之泉,敬拜,,midnight,,,0,
the-hope-of-our-lifes,永恆唯一的盼望 The Hope of Our Lifes,讚美之泉,敬拜,,midnight,,,0,
before-the-throne-of-god-above,在神高天寶座前 Before the Throne of God Above,Sovereign grace,敬拜,,midnight,,,0,
amazing-grace-my-chains-are-gone,"奇異恩典, 不再綑綁 Amazing Grace, My Chains Are Gone",Chris Tomlin,敬拜,,midnight,,,0,
how-deep-the-father-s-love-for-us,天父的愛何等深厚 How Deep the Father’s Love For Us,,敬拜,,midnight,,,0,
where-jesus-is-tis-heaven,"耶穌同在就是天堂 Where Jesus Is, 'Tis Heaven",生命聖詩 335,敬拜,,midnight,,,0,
the-holy-lamb-on-the-throne,坐在寶座上聖潔羔羊 The Holy Lamb on the Throne,有情天,敬拜,,midnight,,,0,
praise-the-lord-o-my-soul,"我的心, 你要稱頌耶和華 Praise the Lord, O My Soul",讚美之泉,敬拜,,midnight,,,0,http://www.christianstudy.com/data/hymns/text/c0352.html
intimate,INTIMATE,,敬拜,,midnight,,,0,
still,安靜 Still,Hillsong,敬拜,,midnight,,,0,
23-psalm-23,詩篇23篇 Psalm 23,我心旋律,敬拜,,midnight,,,0,
abba-father,阿爸父 Abba Father,我心旋律,敬拜,,midnight,,,0,
thanks-to-god,感謝神 Thanks to God,生命聖詩 446,敬拜,,midnight,,,0,
day-by-day,每一天 Day by Day,Oscar Ahnfeldt,敬拜,,midnight,,,0,http://www.christianstudy.com/data/hymns/text/c0139.html
let-me-stay,能不能 Let Me Stay,讚美之泉,敬拜,,midnight,,,0,
your-word,祢的話 Your Word,天韻,敬拜,,midnight,,,0,
thy-word,祢的話 Thy word,Michael W. Smith,敬拜,,midnight,,,0,
gently-listening,輕輕聽 Gently Listening,我心旋律,敬拜,,midnight,,,0,
who-am-i,我是誰 Who am I,Casting Crowns,敬拜,,midnight,,,0,
he-lives,主活着 He Lives,生命聖詩 413,敬拜,,midnight,,,0,
sweet-hour-of-prayer,禱告良辰 Sweet hour of Prayer!,生命聖詩 427,敬拜,,midnight,,,0,
the-path-of-grace,恩典之路 The Path of Grace,讚美之泉,敬拜,,midnight,,,0,
how-could-it-be,何等恩典 How Could It Be,讚美之泉,敬拜,,midnight,,,0,
a-mighty-fortress-is-our-god,堅固保障 A Mighty Fortress Is Our God,生命聖詩 50,敬拜,,midnight,,,0,
into-my-heart,請主進入我心 Into My Heart,生命聖詩 50,敬拜,,midnight,,,0,
leaning-on-the-everlasting-arms,靠主膀臂 Leaning on the Everlasting Arms,生命聖詩 424,敬拜,,midnight,,,0,
olives-that-have-known-no-pressure,煉我愈精 Olives That Have Known No Pressure,,敬拜,,midnight,,,0,
i-am-strengthened-in-him,滿有能力 I Am Strengthened in Him,讚美之泉,敬拜,,midnight,,,0,
shine-jesus-shine,哦!主發光 Shine Jesus Shine,Graham Kendrick,敬拜,,midnight,,,0,
count-your-blessings,數算主恩 Count Your Blessings,生命聖詩 445,敬拜,,midnight,,,0,
he-hideth-my-soul,祂藏我靈He Hideth My Soul,,敬拜,,midnight,,,0,
he-knows-my-name,祂认得我 He Knows My Name,Tommy Walker,敬拜,,midnight,,,0,
come-lord-jesus,"我願祢來 Come, Lord Jesus",以斯拉,敬拜,,midnight,,,0,https://www.youtube.com/watch?v=Jxff_JudUr0
give-thanks,獻上感恩 Give Thanks,,敬拜,,midnight,,,0,
home-of-my-heart,心的歸屬 Home of my Heart,新心音樂,敬拜,,midnight,,,0,
the-evening-sacrifice,馨香晚祭 The Evening Sacrifice,讚美之泉,敬拜,,midnight,,,0,
what-a-friend-we-have-in-jesus,耶穌恩友 What a Friend We Have in Jesus,生命聖詩 433,敬拜,,midnight,,,0,
my-faith-looks-up-to-thee,信心仰望 My Faith Looks up to Thee,生命聖詩 296,敬拜,,midnight,,,0,
jesus-i-come,"耶穌，我來 Jesus, I Come",生命聖詩 207,敬拜,,midnight,,,0,
ebenezer,以便以謝 Ebenezer,黃國倫,敬拜,,midnight,,,0,
one-thing,一生一世 One Thing,我心旋律,敬拜,,midnight,,,0,http://christianstudy.com/data/hymns/text/c4034.html
because-he-lives,因祂活著 Because He Lives,Bill Gaither,敬拜,,midnight,,,0,
his-grace-aboundeth-more,主恩更多 His Grace Aboundeth More,頌主聖歌,敬拜,,midnight,,,0,https://www.zanmeishi.com/tab/25562.html
love-joy-and-life,"愛喜樂生命 Love, Joy and Life",讚美之泉,敬拜,,midnight,,,0,
draw-me-nearer,更親近恩主 Draw Me Nearer,生命聖詩 370,敬拜,,midnight,,,0,
marks-of-grace,恩典的記號 Marks Of Grace,泥土音樂,敬拜,,midnight,,,0,
abundant-life,豐盛的人生 Abundant Life,讚美之泉,敬拜,,midnight,,,0,
rain-down,降下祢恩雨 Rain Down,約書亞樂團,敬拜,,midnight,,,0,http://www.christianstudy.com/data/hymns/text/c4389.html
the-grace-of-redemption,救赎的恩典The Grace of Redemption,讚美之泉,敬拜,,midnight,,,0,
you-are-the-vine,祢是葡萄樹 You Are the Vine,Danny Daniels & Randy Rigby,敬拜,,midnight,,,0,
god-will-make-a-way,神要開道路 God Will Make a Way,Don Moen,敬拜,,midnight,,,0,
god-hath-not-promised,神未曾應許 God Hath Not Promised,教會聖詩,敬拜,,midnight,,,0,
we-long-to-see-you,我渴望看見 We Long to See You,讚美之泉,敬拜,,midnight,,,0,http://christianstudy.com/data/hymns/text/c5911.html
the-eternal-answer,永恆的答問 The Eternal Answer,天韻,敬拜,,midnight,,,0,
face-to-face,與主面對面 Face to Face,生命聖詩 486,敬拜,,midnight,,,0,
all-the-way-my-saviour-leads-me,主凡事引導 All the Way My Saviour Leads Me,生命聖詩 313,敬拜,,midnight,,,0,
be-thou-my-vision,主是我萬有 Be Thou My Vision,生命聖詩 387,敬拜,,midnight,,,0,
abiding-in-you,住在祢裡面 Abiding in You,讚美之泉,敬拜,,midnight,,,0,
in-his-time,按照神的時刻 In His Time,,敬拜,,midnight,,,0,https://www.youtube.com/watch?v=Okx4PL1VJ5A
you-are-my-hiding-place,祢是我藏身處 You Are My Hiding Place,新歌頌揚,敬拜,,midnight,,,0,
precious-lord-take-my-hand,"親愛主，牽我手 Precious Lord, Take My Hand",生命聖詩 439,敬拜,,midnight,,,0,
fill-my-cup-lord,求主充滿我杯 Fill My Cup Lord,教會聖詩 340,敬拜,,midnight,,,0,
as-the-deer,如鹿切慕溪水 As The Deer,,敬拜,,midnight,,,0,
soar-on-wings-like-an-eagle,如鷹展翅上騰 Soar on Wings Like an Eagle,生命河靈糧堂,敬拜,,midnight,,,0,
by-gentle-powers-lovingly-surrounded,所有美善力量 By Gentle Powers Lovingly Surrounded,,敬拜,,midnight,,,0,
god-will-take-care-of-you,天父必看顧你 God Will Take Care of You,生命聖詩 52,敬拜,,midnight,,,0,
almighty-jehovah,萬軍之耶和華 Almighty Jehovah,讚美之泉,敬拜,,midnight,,,0,
i-d-rather-have-jesus,我寧願有耶穌 I'd Rather Have Jesus,生命聖詩 361,敬拜,,midnight,,,0,
it-is-well-with-my-soul,我心靈得安寧 It Is Well with My Soul,生命聖詩 342,敬拜,,midnight,,,0,
jesus-gives-you-peace,耶穌給你平安 Jesus Gives You Peace,天韵,敬拜,,midnight,,,0,
jesus-you-are-precious,"耶穌祢是寶貴 Jesus, You Are Precious",萬國敬拜與讚美,敬拜,,midnight,,,0,
my-times-are-in-your-hand,一生在神手中 My Times Are In Your Hand,新心音樂,敬拜,,midnight,,,0,http://www.christianstudy.com/data/hymns/text/life290.html
this-world-is-not-my-home,這世界非我家 This World Is Not My Home,生命聖詩 485,敬拜,,midnight,,,0,
god-s-love-refreshes-my-heart,主愛滋潤我心 God's Love Refreshes My Heart,天韻,敬拜,,midnight,,,0,
you-are-my-strength,主，祢是我力量 You Are My Strength,讚美之泉,敬拜,,midnight,,,0,
lord-i-belong-to-you-alone,"主，我願單屬祢 Lord, I Belong to You Alone",我心旋律,敬拜,,midnight,,,0,
my-jesus-i-love-thee,"主耶穌，我愛祢 My Jesus, I Love Thee",生命聖詩 301,敬拜,,midnight,,,0,
hide-me-in-your-holiness,藏我在祢聖潔裡 Hide Me In Your Holiness,,敬拜,,midnight,,,0,
your-grace-is-all-i-need,祢的恩典夠我用 Your Grace Is All I Need,小羊詩歌,敬拜,,midnight,,,0,
prayer-of-saint-francis,聖法蘭西斯的禱 (使我作祢和平之子) Prayer of Saint Francis,Sebastian Temple,敬拜,,midnight,,,0,
my-redeemer-lives,我的救贖者活著 My Redeemer Lives,讚美之泉,敬拜,,midnight,,,0,http://www.christianstudy.com/data/hymns/text/c0353.html
i-do-not-worry-about-tomorrow,我不為明天憂慮 I Do Not Worry About Tomorrow,至高尊名,敬拜,,midnight,,,0,
my-peace-i-gave-unto-you,我將平安賜給你 My Peace I Gave Unto You,,敬拜,,midnight,,,0,https://www.youtube.com/watch?v=LYh0z2Cx0uA
we-ve-become-one-family,我們成為一家人 We've Become One Family,,敬拜,,midnight,,,0,
i-know-who-holds-tomorrow,我知誰掌管明天 I Know Who Holds Tomorrow,生命聖詩 282,敬拜,,midnight,,,0,
wings-of-the-dawn,展開清晨的翅膀 Wings of the Dawn,讚美之泉,敬拜,,midnight,,,0,
saviour-like-a-shepherd-lead-us,"懇求主像牧人領導  Saviour, Like a Shepherd, Lead Us",生命聖詩 311,敬拜,,midnight,,,0,
you-are-the-light-of-my-life,祢是我生命的亮光 You Are the Light of My Life,我心旋律,敬拜,,midnight,,,0,
i-know-whom-i-have-believed,我深知所信的是誰 I Know Whom I Have Believed,Daniel Whittle,敬拜,,midnight,,,0,
tis-so-sweet-to-trust-in-jesus,信靠耶穌真是甜美 'Tis So Sweet to Trust in Jesus,生命聖詩 286,敬拜,,midnight,,,0,
jesus-is-all-the-world-to-me,耶穌基督是我一切 Jesus Is All the World to Me,生命聖詩 416,敬拜,,midnight,,,0,http://www.christianstudy.com/data/hymns/text/life416.html
since-jesus-came-into-my-heart,自耶穌來住在我心 Since Jesus Came into My Heart,生命聖詩 419,敬拜,,midnight,,,0,
who-can-separate-us,誰能使我與神的愛隔絕 Who Can Separate Us,小羊詩歌,敬拜,,midnight,,,0,
i-believe-in-a-hill-called-mount-calvary,我深信在那各各他山頂 I Believe in a Hill Called Mount Calvary,Bill Gaither,敬拜,,midnight,,,0,
i-need-you-in-my-life,我需要有祢在我生命中 I Need You in My Life,有情天音樂,敬拜,,midnight,,,0,
the-light-of-your-grace,主的恩典乃是一生之久 The Light of Your Grace,讚美之泉,敬拜,,midnight,,,0,
hear-my-voice-in-the-morning,懇求祢清晨聼我聲音 Hear My Voice In The Morning,新心,敬拜,,midnight,,,0,
there-is-a-fountain-filled-with-blood,寶血活泉 There Is a Fountain Filled with Blood,生命聖詩 173,十架,,vesper,,,0,
great-is-your-love,十架的愛 Great Is Your Love,讚美之泉,十架,,vesper,,,0,
the-old-rugged-cross,古舊十架 The Old Rugged Cross,生命聖詩 120,十架,,vesper,,,0,
lamb-of-god,真神羔羊 Lamb of God,新歌頌揚,十架,,vesper,,,0,
i-receive-your-love,"愛, 我願意 I Receive Your Love",讚美之泉,十架,,vesper,,,0,
near-the-cross,靠近十架 Near the Cross,生命聖詩 367,十架,,vesper,,,0,http://www.christianstudy.com/data/hymns/text/life367.html
precious-cross,寶貴十架 Precious Cross,讚美之泉,十架,,vesper,,,0,
the-sacrificial-love,犧牲的愛 The Sacrificial Love,讚美之泉,十架,,vesper,,,0,
because-of-the-cross,因著十架愛 Because of the Cross,靈糧堂,十架,,vesper,,,0,
your-steadfast-love,祢愛永不變 Your Steadfast Love,有情天音樂,十架,,vesper,,,0,
jesus-paid-it-all,耶穌付贖價 Jesus Paid It All,Elvina Hall,十架,,vesper,,,0,
you-alone-are-my-savior,祢是我永遠的救主 You Alone Are My Savior,王子音樂,十架,,vesper,,,0,
when-i-survey-the-wondrous-cross,奇妙十架 When I Survey the Wondrous Cross,生命聖詩 122,十架,,vesper,,,0,
song-af023f94,十架是榮耀,曾毓蘭,十架,,vesper,,,0,
the-wonderful-cross,奇妙十架 The Wonderful Cross,Chris Tomlin,十架,,vesper,,,0,
glorious-day-living-he-loved-me,榮耀日 Glorious Day (Living He loved me),Casting Crown,十架,,vesper,,,0,https://www.youtube.com/watch?v=VXp6xcY5IqU
above-all,超越一切 Above All,"Lenny LeBlanc, Paul Baloche",十架,,vesper,,,0,https://www.youtube.com/watch?v=dvX89Mihb3o
the-grace-of-redemption-07c8,救贖的恩典 The Grace of Redemption,讚美之泉,十架,,vesper,,,0,
living-sacrifice,活祭 Living Sacrifice,小羊詩歌,回應,,forest,,,0,
footsteps,腳步 Footsteps,泥土音樂,回應,,forest,,,0,
live-out-love,活出愛 Live out Love,泥土音樂,回應,,forest,,,0,
your-love,袮的愛 Your Love,讚美之泉,回應,,forest,,,0,
by-faith,因著信 By Faith,角聲使團,回應,,forest,,,0,http://christianstudy.com/data/hymns/text/c2974.html
see-you-face-to-face,愛中相遇 See You Face to Face,讚美之泉,回應,,forest,,,0,
love-one-another,彼此相愛 Love One Another,讚美之泉,回應,,forest,,,0,
revive-holiness,復興聖潔 Revive Holiness,讚美之泉,回應,,forest,,,0,
find-us-faithful,鑒我忠誠 Find Us Faithful,,回應,,forest,,,0,
my-utmost-for-you,竭誠獻上 My Utmost For You,新心音樂,回應,,forest,,,0,
habitation,祢的居所  Habitation,,回應,,forest,,,0,
the-servant-king,僕人君王 The Servant King,,回應,,forest,,,0,
all-for-you-b5ad,全然為祢 All For You,生命河靈糧堂,回應,,forest,,,0,
my-living-sacrifice,獻上活祭 My Living Sacrifice,新歌頌揚,回應,,forest,,,0,
take-my-life-and-let-it-be,"獻己於主 Take My Life, and Let It Be",生命聖詩 458,回應,,forest,,,0,
higher-ground,向高處行 Higher Ground,生命聖詩 368,回應,,forest,,,0,
trust-and-obey,信靠順服 Trust and Obey,生命聖詩 287,回應,,forest,,,0,
he-ne-ni,我在這裡 He-Ne-Ni,我心旋律,回應,,forest,,,0,http://www.christianstudy.com/data/hymns/text/c0981.html
unless-a-seed,一粒麥子 Unless A Seed,小羊詩歌,回應,,forest,,,0,
with-all-my-love,一生愛祢 With All My Love,讚美之泉,回應,,forest,,,0,
lord-i-believe,"主, 我相信 Lord, I Believe",小羊詩歌,回應,,forest,,,0,
the-greatest-thing-in-all-my-life,最大的事 The Greatest Thing in All My Life,Mark Pendergrass,回應,,forest,,,0,
an-unreserved-love,愛是不保留 An Unreserved Love,盧永亨,回應,,forest,,,0,
when-you-found-me,當祢找到我 When You Found Me,,回應,,forest,,,0,
by-faith-i-receive,"豐盛的應許 By Faith, I Receive",讚美之泉,回應,,forest,,,0,
change-my-heart-o-lord,"更新我心意 Change My Heart, O Lord",,回應,,forest,,,0,
himself,今要主自己 Himself,生命聖詩 393,回應,,forest,,,0,
people-need-the-lord,人们需要主 People Need the Lord,Greg Nelson/Phil McHugh,回應,,forest,,,0,
knowing-you-jesus,"認識祢, 耶穌 Knowing You, Jesus",Graham kendrick,回應,,forest,,,0,
the-call-of-the-cross,十架的呼喚 The Call of the Cross,新心音樂,回應,,forest,,,0,
living-for-jesus,為耶穌而活 Living for Jesus,生命聖詩 469,回應,,forest,,,0,
i-will-go-for-you,我願為祢去 I Will Go for You,小羊詩歌,回應,,forest,,,0,
stand-up-stand-up-for-jesus,"興起爲耶穌 Stand Up, Stand Up for Jesus",生命聖詩 377,回應,,forest,,,0,
make-me-a-servant,願做主僕人 Make Me a Servant,教會聖詩 435-1,回應,,forest,,,0,
o-to-be-like-thee,"主, 我願像祢 O to Be Like Thee!",生命聖詩 391,回應,,forest,,,0,http://www.christianstudy.com/data/hymns/text/life391.html
why-have-you-chosen-me,祢為何揀選我? Why Have You Chosen Me?,Rodger Strader,回應,,forest,,,0,
let-the-beauty-of-jesus,願主榮美彰顯 Let the beauty of Jesus,生命聖詩 404,回應,,forest,,,0,
god-s-way-f10c,神的路最美善 God's Way,生命聖詩 48,回應,,forest,,,0,
jesus-at-the-center,耶穌祢是中心 Jesus at the Center,約書亞,回應,,forest,,,0,
my-life-renewed,再次將我更新 My Life Renewed,小羊詩歌,回應,,forest,,,0,https://www.youtube.com/watch?v=Rz_LKvS73EM
turn-your-eyes-upon-jesus,當轉眼仰望耶穌 Turn Your Eyes upon Jesus,生命聖詩 293,回應,,forest,,,0,
i-love-to-tell-the-story,我愛傳講主福音 I Love to Tell the Story,生命聖詩 263,回應,,forest,,,0,
holy-spirit-revives-me,願那靈火復興我 Holy Spirit Revives Me,,回應,,forest,,,0,
wherever-he-leads-i-ll-go,主領我何往必去 Wherever He Leads I'll Go,世紀頌讚 345,回應,,forest,,,0,
the-longer-i-serve-him,事奉祂愈久愈甘甜 The Longer I Serve Him,教會聖詩 433,回應,,forest,,,0,
your-glorious-kingdom-come,願祢榮耀國度降臨 Your Glorious Kingdom Come,讚美之泉,回應,,forest,,,0,
lord-i-offer-my-life-to-you,"主, 我獻上生命給祢 Lord, I offer my life to you",約書亞,回應,,forest,,,0,
yet-not-i-but-through-christ-in-me,不是我，是基督住我心 Yet Not I But Through Christ In Me,,回應,,forest,,,0,
how-blessed-children-of-god-are,上帝的兒女何等有福! How Blessed Children of God Are,世紀頌讚,回應,,forest,,,0,http://www.christianstudy.com/data/hymns/text/century_praise367.html
i-have-decided-to-follow-jesus,我已經決定要跟隨耶穌 I Have Decided to Follow Jesus,,回應,,forest,,,0,http://mandarin.ccic-sj.org/resources/hymns/TanHymns/T296_IHaveDecidedToFollowJesus.htm
spirit-song,聖靈之歌 Spirit Song,,聖靈,,vesper,,,0,
fill-me-now,求聖靈充滿 Fill Me Now,生命聖詩161,聖靈,,vesper,,,0,
holy-spirit-come,"聖靈的江河 Holy Spirit, Come",讚美之泉,聖靈,,vesper,,,0,
fill-me-now-c0fd,願主聖靈充滿我 Fill Me Now,,聖靈,,vesper,,,0,
rock-of-ages,萬古磐石為我開 Rock of Ages,生命聖詩190,認罪悔改,,snow,,,0,
out-of-the-depth,深處的呼求 Out of the Depth,新心,認罪悔改,,snow,,,0,
wounded-for-me,為我受傷 Wounded For Me,生命聖詩124,聖餐,,parchment,,,0,
according-to-thy-gracious-word,遵主恩言 According to Thy Gracious Word,生命聖詩237,聖餐,,parchment,,,0,
just-as-i-am,來就上主羔羊 Just As I Am,生命聖詩198,聖餐,,parchment,,,0,
lead-me-to-calvary,領我到髑髏地 Lead Me to Calvary,生命聖詩125,聖餐,,parchment,,,0,
i-gave-my-life-for-thee,我曾捨命為你 I Gave My Life for Thee,生命聖詩126,聖餐,,parchment,,,0,
all-for-jesus,都歸耶穌 All for Jesus,生命聖詩460,奉獻,,forest,,,0,
i-surrender-all,奉獻所有 I Surrender All,生命聖詩461,奉獻,,forest,,,0,
give-of-your-best-to-the-master,將最好的獻主 Give of Your Best to the Master,生命聖詩462,奉獻,,forest,,,0,
is-your-all-on-the-altar,一切獻在壇上 Is Your All on the Altar,生命聖詩465,奉獻,,forest,,,0,
